Name,Price
Brushed leather bolo tie,£ 390
Brushed leather bolo tie,£ 390
Re-Nylon gabardine tie,£ 260
Re-Nylon gabardine tie,£ 260
Saffiano leather bolo tie,£ 390
Saffiano leather bolo tie,£ 390
Silk tie,£ 220
Silk tie,£ 220
Print silk tie,£ 220
Macro-print silk tie,£ 220
Silk tie,£ 220
Silk tie,£ 220
Satin tie,£ 220
Satin tie,£ 220
Pinpoint Tie,£ 220
Pinpoint Tie,£ 220
Pinpoint Tie,£ 220
Sterling sliver tie clip,£ 380
Satin tuxedo cummerbund,£ 420
Satin bow-tie,£ 190
Satin bow-tie,£ 190
Satin bow-tie,£ 190
